<?xml version="1.0" encoding="UTF-8"?>
<project-private xmlns="http://www.netbeans.org/ns/project-private/1">
    <editor-bookmarks xmlns="http://www.netbeans.org/ns/editor-bookmarks/2" lastBookmarkId="0"/>
    <open-files xmlns="http://www.netbeans.org/ns/projectui-open-files/2">
        <group>
            <file>file:/D:/Desktop/UNICAUCA/LAB-DIGITALES/EEPROM%20-%20INGRESAR%20CLAVE/EJEMPLO.X/teclado.c</file>
            <file>file:/D:/Desktop/UNICAUCA/LAB-DIGITALES/EEPROM%20-%20INGRESAR%20CLAVE/EJEMPLO.X/lcd.c</file>
            <file>file:/D:/Desktop/UNICAUCA/LAB-DIGITALES/EEPROM%20-%20INGRESAR%20CLAVE/EJEMPLO.X/lcd.h</file>
            <file>file:/D:/Desktop/UNICAUCA/LAB-DIGITALES/EEPROM%20-%20INGRESAR%20CLAVE/EJEMPLO.X/main.c</file>
            <file>file:/D:/Desktop/UNICAUCA/LAB-DIGITALES/EEPROM%20-%20INGRESAR%20CLAVE/EJEMPLO.X/teclado.h</file>
        </group>
    </open-files>
</project-private>
